{
  "MMD-default": {
    "n": 26,
    "TP": 0,
    "FP": 0,
    "TN": 10,
    "FN": 16,
    "runtime_ms_sum": 763.7227369959874,
    "peak_memory_kb_max": 58122.125,
    "precision": 0.0,
    "recall": 0.0,
    "specificity": 1.0,
    "accuracy": 0.38461538461538464,
    "mean_runtime_ms": 29.37395142292259
  },
  "MMD-median": {
    "n": 26,
    "TP": 11,
    "FP": 10,
    "TN": 0,
    "FN": 5,
    "runtime_ms_sum": 1119.393897001828,
    "peak_memory_kb_max": 58122.58203125,
    "precision": 0.5238095238095238,
    "recall": 0.6875,
    "specificity": 0.0,
    "accuracy": 0.4230769230769231,
    "mean_runtime_ms": 43.05361142314723
  },
  "PCA-CD": {
    "n": 26,
    "TP": 16,
    "FP": 10,
    "TN": 0,
    "FN": 0,
    "runtime_ms_sum": 21.759232996373612,
    "peak_memory_kb_max": 154.625,
    "precision": 0.6153846153846154,
    "recall": 1.0,
    "specificity": 0.0,
    "accuracy": 0.6153846153846154,
    "mean_runtime_ms": 0.8368935767836004
  },
  "KDQ-Tree": {
    "n": 26,
    "TP": 16,
    "FP": 10,
    "TN": 0,
    "FN": 0,
    "runtime_ms_sum": 6795.945142001074,
    "peak_memory_kb_max": 174138.171875,
    "precision": 0.6153846153846154,
    "recall": 1.0,
    "specificity": 0.0,
    "accuracy": 0.6153846153846154,
    "mean_runtime_ms": 261.38250546157974
  }
}