{
  "penicillin_concentration": {
    "n_cases": 26,
    "summary": {
      "PSI": {
        "n": 26,
        "TP": 14,
        "FP": 10,
        "TN": 0,
        "FN": 2,
        "runtime_ms_sum": 7.665969998924993,
        "peak_memory_kb_max": 18.205078125,
        "precision": 0.5833333333333334,
        "recall": 0.875,
        "specificity": 0.0,
        "accuracy": 0.5384615384615384,
        "mean_runtime_ms": 0.2948449999586536
      },
      "KS": {
        "n": 26,
        "TP": 16,
        "FP": 10,
        "TN": 0,
        "FN": 0,
        "runtime_ms_sum": 4.7773059995961376,
        "peak_memory_kb_max": 115.60546875,
        "precision": 0.6153846153846154,
        "recall": 1.0,
        "specificity": 0.0,
        "accuracy": 0.6153846153846154,
        "mean_runtime_ms": 0.1837425384460053
      },
      "ADWIN": {
        "n": 26,
        "TP": 16,
        "FP": 10,
        "TN": 0,
        "FN": 0,
        "runtime_ms_sum": 28.725142002258508,
        "peak_memory_kb_max": 10.2880859375,
        "precision": 0.6153846153846154,
        "recall": 1.0,
        "specificity": 0.0,
        "accuracy": 0.6153846153846154,
        "mean_runtime_ms": 1.1048131539330195
      },
      "PageHinkley": {
        "n": 26,
        "TP": 16,
        "FP": 5,
        "TN": 5,
        "FN": 0,
        "runtime_ms_sum": 37.11345899864682,
        "peak_memory_kb_max": 1.2705078125,
        "precision": 0.7619047619047619,
        "recall": 1.0,
        "specificity": 0.5,
        "accuracy": 0.8076923076923077,
        "mean_runtime_ms": 1.4274407307171855
      },
      "HDDM-A": {
        "n": 26,
        "TP": 16,
        "FP": 0,
        "TN": 10,
        "FN": 0,
        "runtime_ms_sum": 177.3115729974961,
        "peak_memory_kb_max": 21.2412109375,
        "precision": 1.0,
        "recall": 1.0,
        "specificity": 1.0,
        "accuracy": 1.0,
        "mean_runtime_ms": 6.819675884519081
      }
    }
  },
  "substrate_concentration": {
    "n_cases": 26,
    "summary": {
      "PSI": {
        "n": 26,
        "TP": 15,
        "FP": 10,
        "TN": 0,
        "FN": 1,
        "runtime_ms_sum": 8.893534003618697,
        "peak_memory_kb_max": 14.0390625,
        "precision": 0.6,
        "recall": 0.9375,
        "specificity": 0.0,
        "accuracy": 0.5769230769230769,
        "mean_runtime_ms": 0.34205900013918067
      },
      "KS": {
        "n": 26,
        "TP": 16,
        "FP": 10,
        "TN": 0,
        "FN": 0,
        "runtime_ms_sum": 6.285491999733495,
        "peak_memory_kb_max": 115.60546875,
        "precision": 0.6153846153846154,
        "recall": 1.0,
        "specificity": 0.0,
        "accuracy": 0.6153846153846154,
        "mean_runtime_ms": 0.2417496922974421
      },
      "ADWIN": {
        "n": 26,
        "TP": 16,
        "FP": 10,
        "TN": 0,
        "FN": 0,
        "runtime_ms_sum": 42.68901200248365,
        "peak_memory_kb_max": 32.0029296875,
        "precision": 0.6153846153846154,
        "recall": 1.0,
        "specificity": 0.0,
        "accuracy": 0.6153846153846154,
        "mean_runtime_ms": 1.641885077018602
      },
      "PageHinkley": {
        "n": 26,
        "TP": 14,
        "FP": 8,
        "TN": 2,
        "FN": 2,
        "runtime_ms_sum": 39.724763000776875,
        "peak_memory_kb_max": 0.7783203125,
        "precision": 0.6363636363636364,
        "recall": 0.875,
        "specificity": 0.2,
        "accuracy": 0.6153846153846154,
        "mean_runtime_ms": 1.5278755000298798
      },
      "HDDM-A": {
        "n": 26,
        "TP": 14,
        "FP": 3,
        "TN": 7,
        "FN": 2,
        "runtime_ms_sum": 145.25922300163074,
        "peak_memory_kb_max": 21.2412109375,
        "precision": 0.8235294117647058,
        "recall": 0.875,
        "specificity": 0.7,
        "accuracy": 0.8076923076923077,
        "mean_runtime_ms": 5.586893192370413
      }
    }
  },
  "dissolved_oxygen_concentration": {
    "n_cases": 26,
    "summary": {
      "PSI": {
        "n": 26,
        "TP": 16,
        "FP": 10,
        "TN": 0,
        "FN": 0,
        "runtime_ms_sum": 7.222615002319799,
        "peak_memory_kb_max": 14.0390625,
        "precision": 0.6153846153846154,
        "recall": 1.0,
        "specificity": 0.0,
        "accuracy": 0.6153846153846154,
        "mean_runtime_ms": 0.27779288470460767
      },
      "KS": {
        "n": 26,
        "TP": 16,
        "FP": 10,
        "TN": 0,
        "FN": 0,
        "runtime_ms_sum": 4.898022995803331,
        "peak_memory_kb_max": 115.60546875,
        "precision": 0.6153846153846154,
        "recall": 1.0,
        "specificity": 0.0,
        "accuracy": 0.6153846153846154,
        "mean_runtime_ms": 0.18838549983858963
      },
      "ADWIN": {
        "n": 26,
        "TP": 16,
        "FP": 10,
        "TN": 0,
        "FN": 0,
        "runtime_ms_sum": 40.66000699822325,
        "peak_memory_kb_max": 31.9404296875,
        "precision": 0.6153846153846154,
        "recall": 1.0,
        "specificity": 0.0,
        "accuracy": 0.6153846153846154,
        "mean_runtime_ms": 1.5638464230085867
      },
      "PageHinkley": {
        "n": 26,
        "TP": 16,
        "FP": 7,
        "TN": 3,
        "FN": 0,
        "runtime_ms_sum": 34.97837799750414,
        "peak_memory_kb_max": 0.8056640625,
        "precision": 0.6956521739130435,
        "recall": 1.0,
        "specificity": 0.3,
        "accuracy": 0.7307692307692307,
        "mean_runtime_ms": 1.3453222306732362
      },
      "HDDM-A": {
        "n": 26,
        "TP": 8,
        "FP": 4,
        "TN": 6,
        "FN": 8,
        "runtime_ms_sum": 130.80825500037463,
        "peak_memory_kb_max": 21.2412109375,
        "precision": 0.6666666666666666,
        "recall": 0.5,
        "specificity": 0.6,
        "accuracy": 0.5384615384615384,
        "mean_runtime_ms": 5.03108673078364
      }
    }
  },
  "pH": {
    "n_cases": 26,
    "summary": {
      "PSI": {
        "n": 26,
        "TP": 16,
        "FP": 10,
        "TN": 0,
        "FN": 0,
        "runtime_ms_sum": 13.239121997685288,
        "peak_memory_kb_max": 14.0390625,
        "precision": 0.6153846153846154,
        "recall": 1.0,
        "specificity": 0.0,
        "accuracy": 0.6153846153846154,
        "mean_runtime_ms": 0.5091969999109727
      },
      "KS": {
        "n": 26,
        "TP": 16,
        "FP": 9,
        "TN": 1,
        "FN": 0,
        "runtime_ms_sum": 8.295224999528727,
        "peak_memory_kb_max": 115.60546875,
        "precision": 0.64,
        "recall": 1.0,
        "specificity": 0.1,
        "accuracy": 0.6538461538461539,
        "mean_runtime_ms": 0.3190471153664895
      },
      "ADWIN": {
        "n": 26,
        "TP": 2,
        "FP": 2,
        "TN": 8,
        "FN": 14,
        "runtime_ms_sum": 540.497554002286,
        "peak_memory_kb_max": 31.40234375,
        "precision": 0.5,
        "recall": 0.125,
        "specificity": 0.8,
        "accuracy": 0.38461538461538464,
        "mean_runtime_ms": 20.788367461626386
      },
      "PageHinkley": {
        "n": 26,
        "TP": 0,
        "FP": 2,
        "TN": 8,
        "FN": 16,
        "runtime_ms_sum": 45.561518003523815,
        "peak_memory_kb_max": 0.7783203125,
        "precision": 0.0,
        "recall": 0.0,
        "specificity": 0.8,
        "accuracy": 0.3076923076923077,
        "mean_runtime_ms": 1.7523660770586083
      },
      "HDDM-A": {
        "n": 26,
        "TP": 0,
        "FP": 2,
        "TN": 8,
        "FN": 16,
        "runtime_ms_sum": 235.86479899950064,
        "peak_memory_kb_max": 21.2412109375,
        "precision": 0.0,
        "recall": 0.0,
        "specificity": 0.8,
        "accuracy": 0.3076923076923077,
        "mean_runtime_ms": 9.071723038442332
      }
    }
  },
  "CO2_percent_in_off_gas": {
    "n_cases": 26,
    "summary": {
      "PSI": {
        "n": 26,
        "TP": 14,
        "FP": 10,
        "TN": 0,
        "FN": 2,